true,svm_pred,lr_pred
READ,READ,READ
STAD,STAD,STAD
LGG,LGG,LGG
LIHC,LIHC,LIHC
COAD,COAD,COAD
CESC,CESC,CESC
BRCA,BRCA,BRCA
OV,OV,OV
STAD,STAD,STAD
MESO,MESO,MESO
SARC,HNSC,HNSC
UCEC,UCEC,UCEC
LGG,LGG,LGG
STAD,STAD,STAD
LIHC,LIHC,LIHC
READ,COAD,COAD
ACC,ACC,ACC
STAD,STAD,STAD
BLCA,BLCA,BLCA
KIRC,KIRC,KIRC
LGG,LGG,LGG
TGCT,TGCT,TGCT
BRCA,BRCA,BRCA
READ,READ,READ
BLCA,BLCA,BLCA
BLCA,BLCA,BLCA
GBM,GBM,GBM
THCA,THCA,THCA
ESCA,ESCA,ESCA
KIRP,KIRP,KIRP
PAAD,PAAD,PAAD
UCEC,UCEC,UCEC
OV,OV,OV
DLBC,DLBC,DLBC
SARC,LUSC,LUSC
TGCT,TGCT,TGCT
LUAD,LUAD,LUAD
BLCA,BLCA,BLCA
OV,OV,OV
OV,OV,OV
THCA,THCA,THCA
CESC,CESC,CESC
LGG,LGG,LGG
BRCA,BRCA,BRCA
UCEC,UCEC,UCEC
KIRC,KIRC,KIRC
BLCA,BLCA,BLCA
BLCA,BLCA,BLCA
GBM,GBM,GBM
HNSC,HNSC,HNSC
ESCA,ESCA,ESCA
KIRP,KIRP,KIRP
KIRC,KIRC,KIRC
THCA,THCA,THCA
LGG,LGG,LGG
LUAD,LUAD,LUAD
BLCA,BLCA,BLCA
PRAD,PRAD,PRAD
GBM,GBM,GBM
DLBC,DLBC,DLBC
SARC,SARC,SARC
SARC,SARC,SARC
THYM,THYM,THYM
STAD,STAD,STAD
SARC,SARC,KIRC
HNSC,HNSC,HNSC
STAD,STAD,STAD
THYM,THYM,THYM
BRCA,BRCA,BRCA
DLBC,DLBC,DLBC
ESCA,ESCA,ESCA
KICH,KICH,KICH
HNSC,HNSC,HNSC
ESCA,ESCA,ESCA
KIRC,KIRC,KIRC
BLCA,BLCA,BLCA
PRAD,PRAD,PRAD
LIHC,LIHC,LIHC
KIRC,KIRC,KIRC
COAD,COAD,COAD
UCEC,UCEC,UCEC
LUAD,LUAD,LUAD
READ,READ,READ
GBM,GBM,GBM
THCA,THCA,THCA
OV,OV,OV
GBM,GBM,GBM
COAD,COAD,COAD
COAD,COAD,COAD
SARC,SARC,SARC
LUSC,LUSC,LUSC
THCA,THCA,THCA
PRAD,PRAD,PRAD
HNSC,HNSC,HNSC
KIRC,KIRC,KIRC
PRAD,PRAD,PRAD
BRCA,BRCA,BRCA
PCPG,PCPG,PCPG
PRAD,PRAD,PRAD
COAD,COAD,COAD
CESC,CESC,CESC
KIRC,KIRC,KIRC
CESC,CESC,CESC
BRCA,BRCA,BRCA
BRCA,BRCA,BRCA
PRAD,PRAD,PRAD
GBM,GBM,GBM
LUSC,LUSC,LUSC
UCEC,UCEC,UCEC
PRAD,PRAD,PRAD
GBM,GBM,GBM
THCA,THCA,THCA
CESC,CESC,CESC
LUSC,LUSC,LUSC
THCA,THCA,THCA
CESC,CESC,CESC
LUAD,LUAD,LUAD
BLCA,BLCA,BLCA
COAD,COAD,COAD
PAAD,PAAD,PAAD
BRCA,BRCA,BRCA
KIRC,KIRC,KIRC
UCEC,UCEC,UCEC
CESC,CESC,CESC
LUSC,LUSC,LUSC
COAD,COAD,COAD
BRCA,BRCA,BRCA
KIRC,KIRC,KIRP
UCEC,UCEC,UCS
STAD,STAD,STAD
UCEC,OV,OV
LUAD,LUAD,LUAD
LUAD,LUAD,LUAD
THYM,THYM,THYM
BRCA,BRCA,BRCA
THCA,THCA,THCA
GBM,GBM,GBM
COAD,COAD,COAD
PCPG,PCPG,PCPG
LGG,LGG,LGG
PRAD,PRAD,PRAD
BRCA,BRCA,BRCA
LGG,LGG,LGG
BLCA,BLCA,BLCA
BRCA,BRCA,BRCA
BRCA,BRCA,BRCA
HNSC,HNSC,HNSC
BRCA,BRCA,BRCA
KIRP,KIRP,KIRP
PAAD,PAAD,PAAD
UCEC,UCEC,UCEC
THYM,THYM,THYM
LIHC,LIHC,LIHC
READ,COAD,COAD
PRAD,PRAD,PRAD
PRAD,PRAD,PRAD
UCS,UCS,UCS
LIHC,LIHC,LIHC
BRCA,BRCA,BRCA
LUAD,LUAD,LUAD
SARC,SARC,SARC
SARC,SARC,SARC
COAD,COAD,COAD
STAD,STAD,STAD
TGCT,TGCT,TGCT
HNSC,HNSC,HNSC
SARC,UCEC,UCEC
LUSC,LUSC,LUSC
KIRP,KIRP,KIRP
BRCA,BRCA,BRCA
STAD,STAD,STAD
LGG,LGG,LGG
PCPG,PCPG,PCPG
STAD,STAD,STAD
COAD,COAD,COAD
BRCA,BRCA,BRCA
LGG,LGG,LGG
HNSC,HNSC,HNSC
THCA,THCA,THCA
UCEC,UCEC,UCEC
CESC,CESC,CESC
LUSC,LUSC,LUSC
UCEC,UCEC,UCEC
THCA,THCA,THCA
LUAD,LUAD,LUAD
SARC,SARC,SARC
UCEC,UCEC,UCEC
UVM,UVM,UVM
LUSC,LUSC,LUSC
KIRC,KIRC,KIRC
PRAD,PRAD,PRAD
CESC,CESC,CESC
LUSC,LUSC,LUSC
HNSC,HNSC,HNSC
COAD,COAD,COAD
BRCA,BRCA,BRCA
HNSC,HNSC,HNSC
HNSC,HNSC,HNSC
LUAD,LUAD,LUAD
GBM,GBM,GBM
LIHC,LIHC,LIHC
CESC,CESC,CESC
LIHC,LIHC,LIHC
KIRC,KIRC,KIRC
READ,COAD,COAD
BRCA,BRCA,BRCA
BLCA,BLCA,BLCA
BLCA,BLCA,BLCA
LGG,LGG,LGG
PRAD,PRAD,PRAD
UCEC,UCEC,UCEC
BRCA,BRCA,BRCA
HNSC,HNSC,HNSC
THCA,THCA,THCA
COAD,COAD,COAD
READ,BRCA,READ
UVM,UVM,UVM
LUSC,LUSC,LUSC
THCA,THCA,THCA
MESO,MESO,MESO
BRCA,BRCA,BRCA
PCPG,PCPG,PCPG
KIRC,KIRC,KIRC
HNSC,HNSC,HNSC
LUAD,LUAD,LUAD
SKCM,SKCM,SKCM
LUAD,LUAD,LUAD
THCA,THCA,THCA
LIHC,LIHC,LIHC
GBM,GBM,GBM
LIHC,LIHC,LIHC
BLCA,BLCA,BLCA
CHOL,CHOL,CHOL
KIRP,KIRP,KIRP
LUAD,LUAD,LUAD
COAD,COAD,COAD
KICH,SARC,SARC
LGG,LGG,LGG
READ,READ,READ
GBM,GBM,GBM
LIHC,LIHC,LIHC
BRCA,BRCA,BRCA
STAD,STAD,STAD
BRCA,BRCA,BRCA
UCEC,UCEC,UCEC
PCPG,PCPG,PCPG
CESC,UCEC,UCEC
KIRC,KIRC,KIRC
ESCA,ESCA,ESCA
HNSC,HNSC,HNSC
HNSC,HNSC,HNSC
LUAD,LUAD,LUAD
CHOL,LIHC,LIHC
KIRC,KIRC,KIRC
UCEC,UCEC,UCEC
READ,COAD,COAD
UCEC,UCEC,UCEC
UCEC,UCEC,UCEC
LIHC,LIHC,LIHC
KIRC,KIRC,KIRC
KIRC,KIRC,KIRC
BRCA,BRCA,BRCA
HNSC,HNSC,HNSC
PCPG,PCPG,PCPG
COAD,COAD,COAD
LIHC,LIHC,LIHC
UVM,UVM,UVM
PAAD,PAAD,PRAD
BRCA,BRCA,BRCA
LUAD,LUAD,LUAD
LUAD,LUAD,LUAD
PRAD,PRAD,PRAD
LUAD,LUAD,LUAD
LUAD,LUAD,LUAD
KIRC,KIRC,KIRC
LUSC,LUSC,LUSC
PAAD,PAAD,PAAD
LGG,LGG,LGG
GBM,GBM,GBM
HNSC,HNSC,HNSC
BRCA,BRCA,BRCA
OV,OV,OV
COAD,COAD,COAD
UCEC,UCEC,UCEC
LUAD,LUAD,LUAD
GBM,GBM,GBM
BRCA,BRCA,BRCA
PAAD,PAAD,PAAD
THYM,THYM,THYM
HNSC,HNSC,HNSC
BRCA,BRCA,BRCA
KIRP,KIRP,KIRP
CESC,CESC,CESC
LUAD,LUAD,LUAD
BRCA,BRCA,BRCA
KIRC,KIRC,KIRC
STAD,STAD,STAD
PAAD,PAAD,PAAD
HNSC,HNSC,HNSC
ACC,ACC,ACC
KIRP,KIRP,KIRP
LUSC,LUSC,LUSC
BRCA,BRCA,BRCA
PRAD,PRAD,PRAD
BRCA,BRCA,BRCA
THCA,THCA,THCA
LUAD,LUAD,LUAD
STAD,STAD,STAD
HNSC,HNSC,HNSC
COAD,COAD,COAD
OV,OV,OV
HNSC,HNSC,HNSC
KIRP,KIRP,KIRP
BRCA,BRCA,BRCA
PRAD,PRAD,PRAD
PRAD,PRAD,PRAD
THCA,THCA,THCA
BRCA,BRCA,BRCA
KIRP,KIRP,KIRP
LGG,LGG,LGG
PRAD,PRAD,PRAD
UCEC,UCEC,UCEC
BLCA,BLCA,BLCA
STAD,STAD,STAD
UCEC,UCEC,UCEC
PCPG,PCPG,PCPG
LIHC,LIHC,LIHC
GBM,GBM,GBM
CESC,CESC,CESC
LGG,LGG,LGG
LGG,LGG,LGG
READ,READ,READ
OV,OV,OV
UCEC,UCEC,UCEC
STAD,STAD,STAD
BLCA,BLCA,BLCA
THYM,THYM,THYM
BLCA,BLCA,BLCA
STAD,STAD,STAD
LUSC,LUSC,LUSC
BRCA,BRCA,BRCA
LIHC,LIHC,LIHC
BLCA,BLCA,BLCA
BLCA,BLCA,BLCA
UCS,UCEC,UCS
THCA,THCA,THCA
SARC,SARC,SARC
LUAD,LUAD,LUAD
BLCA,BLCA,BLCA
LUAD,LUAD,LUAD
COAD,COAD,COAD
PRAD,PRAD,PRAD
KIRP,KIRP,KIRP
BRCA,BRCA,BRCA
BRCA,BRCA,BRCA
BRCA,BRCA,BRCA
KIRP,KIRP,KIRP
KICH,KIRC,KIRC
BRCA,BRCA,BRCA
LIHC,LIHC,LIHC
COAD,COAD,COAD
HNSC,HNSC,HNSC
BRCA,BRCA,BRCA
KIRP,KIRP,KICH
KIRP,KIRP,KIRP
HNSC,HNSC,HNSC
GBM,GBM,GBM
STAD,STAD,STAD
UCEC,UCEC,UCEC
UCEC,UCEC,UCEC
THCA,THCA,THCA
UCEC,UCEC,UCEC
BLCA,BLCA,BLCA
LIHC,LIHC,LIHC
HNSC,HNSC,HNSC
KIRC,KIRC,KIRC
BRCA,BRCA,BRCA
KIRC,KIRC,KIRC
LGG,LGG,LGG
PRAD,PRAD,PRAD
HNSC,HNSC,HNSC
LUSC,LUSC,LUSC
THCA,THCA,THCA
SKCM,SKCM,SKCM
KIRC,KIRC,KIRC
HNSC,HNSC,HNSC
KICH,KICH,KICH
BRCA,BRCA,BRCA
PAAD,PAAD,PAAD
BRCA,BRCA,BRCA
PRAD,PRAD,PRAD
KIRC,KIRC,KIRC
CESC,CESC,CESC
OV,OV,OV
GBM,GBM,GBM
LUSC,LUSC,LUSC
DLBC,DLBC,DLBC
THCA,THCA,THCA
THCA,THCA,THCA
BRCA,BRCA,BRCA
LUAD,LUAD,LUAD
OV,OV,OV
BRCA,BRCA,BRCA
STAD,STAD,STAD
BLCA,BLCA,BLCA
BLCA,BLCA,BLCA
KIRC,KIRC,KIRC
BRCA,BRCA,BRCA
KIRC,KIRC,KIRC
SKCM,SKCM,SKCM
KIRC,KIRC,KIRC
UCEC,UCEC,UCEC
KIRC,KIRC,KIRC
COAD,COAD,COAD
UCEC,CESC,UCS
LUSC,LUSC,LUSC
LGG,LGG,LGG
PRAD,PRAD,PRAD
KIRC,KIRC,KIRC
BRCA,BRCA,BRCA
HNSC,HNSC,HNSC
LUAD,LUAD,LUAD
BRCA,BRCA,BRCA
COAD,COAD,COAD
LIHC,LIHC,LIHC
ACC,ACC,ACC
PRAD,PRAD,PRAD
SARC,UCEC,UCEC
COAD,COAD,COAD
THCA,THCA,THCA
COAD,COAD,COAD
PRAD,PRAD,PRAD
KIRC,KIRC,KIRC
THCA,THCA,THCA
READ,COAD,COAD
SARC,SARC,SARC
LUSC,LUSC,LUSC
COAD,COAD,COAD
PRAD,PRAD,PRAD
LGG,LGG,LGG
GBM,GBM,GBM
KICH,KICH,KICH
CESC,CESC,CESC
LGG,LGG,LGG
LGG,LGG,LGG
BRCA,BRCA,BRCA
LGG,LGG,LGG
PAAD,PAAD,PAAD
HNSC,HNSC,HNSC
LUSC,LUSC,LUSC
UCEC,UCEC,UCEC
OV,OV,OV
OV,OV,OV
UCS,OV,OV
STAD,STAD,STAD
KIRC,KIRC,KIRC
KIRC,KIRC,KIRC
GBM,GBM,GBM
SKCM,SKCM,SKCM
BRCA,BRCA,BRCA
GBM,GBM,GBM
KICH,KICH,KICH
LUAD,LUAD,LUAD
LGG,LGG,LGG
KIRP,KIRP,KIRP
LUSC,LUSC,LUSC
LUSC,LUSC,LUSC
UCEC,UCEC,OV
KIRC,KIRC,KIRC
UCEC,UCEC,UCEC
LGG,LGG,LGG
UCEC,UCEC,UCEC
PRAD,PRAD,PRAD
LUAD,LUAD,LUAD
STAD,STAD,STAD
HNSC,HNSC,HNSC
BRCA,BRCA,BRCA
LUAD,LUAD,LUAD
LUAD,THYM,THYM
GBM,GBM,GBM
CHOL,CHOL,CHOL
ACC,ACC,ACC
BRCA,BRCA,BRCA
BRCA,BRCA,BRCA
HNSC,HNSC,HNSC
OV,OV,OV
COAD,COAD,COAD
PRAD,PRAD,PRAD
THCA,THCA,THCA
LUSC,LUSC,LUSC
COAD,COAD,COAD
LIHC,LIHC,LIHC
STAD,STAD,ESCA
PAAD,PAAD,PAAD
COAD,COAD,COAD
BRCA,BRCA,BRCA
GBM,GBM,GBM
THCA,THCA,THCA
KIRC,KIRC,KIRC
KIRC,KIRC,KIRC
KIRC,KIRC,KIRC
KIRP,KIRP,KIRP
LUAD,LUAD,LUAD
THCA,THCA,THCA
LGG,LGG,LGG
UCEC,UCEC,UCEC
KIRC,KIRC,KIRC
COAD,COAD,COAD
GBM,GBM,GBM
UCEC,UCEC,UCEC
UCEC,UCEC,UCEC
BLCA,BLCA,BLCA
COAD,COAD,COAD
KIRC,KIRC,KIRC
CHOL,CHOL,CHOL
LUAD,LUAD,LUAD
UCEC,UCEC,UCEC
LIHC,LIHC,LIHC
KIRP,KIRP,KIRP
COAD,COAD,COAD
BRCA,BRCA,BRCA
COAD,COAD,COAD
COAD,READ,READ
OV,OV,OV
LUAD,LUAD,LUAD
BRCA,BRCA,BRCA
GBM,GBM,GBM
THCA,THCA,THCA
KICH,KICH,KICH
THCA,THCA,THCA
KIRC,KIRC,KIRC
LUSC,LUSC,LUSC
GBM,GBM,GBM
STAD,STAD,STAD
PRAD,PRAD,PRAD
LUSC,LUSC,LUSC
KIRP,KIRP,KIRP
BRCA,BRCA,BRCA
HNSC,HNSC,HNSC
UCEC,UCEC,UCEC
KIRP,KIRP,KIRP
ESCA,ESCA,ESCA
KIRP,KIRP,KIRP
LUSC,LUSC,LUSC
UCEC,UCEC,UCEC
SARC,SARC,SARC
HNSC,HNSC,HNSC
UCEC,CESC,CESC
PRAD,PRAD,PRAD
COAD,COAD,COAD
BRCA,BRCA,BRCA
BLCA,BLCA,BLCA
LUAD,LUAD,LUAD
GBM,GBM,GBM
SARC,SARC,SARC
LGG,LGG,LGG
KIRC,KIRC,KIRC
BRCA,BRCA,BRCA
BLCA,BLCA,BLCA
LUAD,SARC,SARC
GBM,GBM,GBM
THCA,THCA,THCA
KIRC,KIRC,KIRC
THYM,THYM,THYM
READ,READ,READ
SARC,SARC,SARC
COAD,COAD,COAD
LUAD,LUAD,LUAD
THYM,THYM,THYM
HNSC,HNSC,HNSC
LIHC,LIHC,LIHC
LUAD,LUAD,LUAD
PAAD,PAAD,PAAD
READ,READ,READ
LIHC,LIHC,LIHC
KIRC,KIRC,KIRC
UVM,UVM,UVM
PRAD,PRAD,PRAD
LGG,LGG,LGG
OV,OV,OV
OV,OV,OV
BLCA,BLCA,BLCA
GBM,LGG,LGG
THCA,THCA,THCA
COAD,COAD,COAD
KIRC,KIRC,KIRC
UCEC,UCEC,UCEC
PAAD,PAAD,PAAD
BRCA,BRCA,BRCA
THCA,THCA,THCA
BLCA,BLCA,BLCA
HNSC,HNSC,HNSC
ESCA,ESCA,ESCA
BRCA,BRCA,BRCA
THCA,THCA,THCA
HNSC,HNSC,HNSC
COAD,COAD,COAD
THCA,THCA,THCA
THCA,THCA,THCA
KIRC,KIRC,KIRC
KIRP,KIRC,KIRC
KIRC,KIRC,KIRC
LUSC,LUSC,LUSC
BLCA,BLCA,BLCA
KIRC,KIRC,KIRC
BRCA,BRCA,BRCA
UVM,UVM,UVM
BRCA,BRCA,BRCA
GBM,GBM,GBM
LUSC,LUSC,LUSC
TGCT,TGCT,TGCT
HNSC,HNSC,HNSC
STAD,STAD,STAD
HNSC,HNSC,HNSC
BLCA,BLCA,BLCA
READ,READ,READ
UCEC,UCEC,UCEC
KIRP,KIRP,KIRP
BLCA,BLCA,BLCA
BRCA,BRCA,BRCA
READ,READ,READ
UCEC,UCEC,UCEC
BRCA,BRCA,BRCA
LIHC,LIHC,LIHC
CESC,CESC,CESC
PAAD,PAAD,PAAD
PCPG,PCPG,PCPG
BRCA,BRCA,BRCA
LGG,LGG,LGG
BRCA,BRCA,BRCA
THCA,THCA,THCA
KICH,KICH,KICH
PRAD,PRAD,PRAD
BRCA,BRCA,BRCA
KIRP,KIRP,KIRP
LUSC,LUSC,LUSC
STAD,STAD,STAD
CESC,CESC,CESC
KICH,KIRC,KIRC
PRAD,PRAD,PRAD
LUSC,LUSC,LUSC
BRCA,BRCA,BRCA
BRCA,BRCA,BRCA
ESCA,ESCA,ESCA
GBM,GBM,GBM
BRCA,BRCA,BRCA
UCEC,UCEC,UCEC
PRAD,PRAD,PRAD
KIRC,KIRC,KIRC
KIRC,KIRC,KIRC
HNSC,HNSC,HNSC
LGG,LGG,LGG
ACC,ACC,ACC
UCEC,UCEC,UCEC
PAAD,PAAD,PAAD
COAD,COAD,COAD
HNSC,HNSC,HNSC
ESCA,ESCA,ESCA
BLCA,BLCA,BLCA
LUAD,LUAD,LUAD
UCEC,UCEC,UCEC
UCEC,UCEC,UCEC
OV,OV,OV
LGG,LGG,LGG
LUAD,LUAD,LUAD
STAD,STAD,STAD
STAD,STAD,STAD
BRCA,BRCA,BRCA
LIHC,LIHC,LIHC
SARC,SARC,SARC
PRAD,PRAD,PRAD
LGG,LGG,LGG
OV,OV,OV
LUAD,LUAD,LUAD
BLCA,BLCA,BLCA
CESC,CESC,CESC
CESC,CESC,CESC
SARC,SARC,SARC
UCEC,UCEC,OV
SARC,SARC,SARC
LUSC,LUSC,LUSC
KIRC,KIRC,KIRC
SARC,SARC,SARC
ESCA,ESCA,ESCA
BRCA,BRCA,BRCA
BRCA,BRCA,BRCA
PRAD,PRAD,PRAD
HNSC,HNSC,HNSC
BRCA,BRCA,BRCA
UCEC,UCEC,UCS
LGG,LGG,LGG
UCEC,UCEC,UCS
BRCA,BRCA,BRCA
LUAD,LUAD,LUAD
BRCA,BRCA,BRCA
LUAD,LUAD,LUAD
BRCA,BRCA,BRCA
KIRP,KIRP,KIRP
LUAD,LUAD,LUAD
KIRP,KIRP,KIRP
GBM,GBM,GBM
THCA,THCA,THCA
COAD,COAD,COAD
LGG,LGG,LGG
KIRP,KIRP,KIRP
PRAD,PRAD,PRAD
KIRP,KIRP,KIRP
HNSC,HNSC,HNSC
THCA,THCA,THCA
KIRC,KIRC,KIRC
BRCA,BRCA,BRCA
LUSC,LUSC,LUSC
LUSC,LUSC,LUSC
SARC,SARC,SARC
BRCA,BRCA,BRCA
BRCA,BRCA,BRCA
UCEC,UCEC,UCEC
KICH,KICH,KICH
BRCA,BRCA,BRCA
LUSC,LUSC,LUSC
GBM,GBM,GBM
PCPG,PCPG,PCPG
STAD,STAD,STAD
SKCM,SKCM,SKCM
ACC,ACC,ACC
GBM,GBM,GBM
MESO,MESO,MESO
LUSC,LUSC,LUSC
ESCA,ESCA,ESCA
KIRC,KIRC,LIHC
THCA,THCA,THCA
THCA,THCA,THCA
PRAD,PRAD,PRAD
BRCA,BRCA,BRCA
BRCA,BRCA,BRCA
THCA,THCA,THCA
GBM,GBM,GBM
KIRC,KIRC,KIRC
LUSC,LUSC,LUSC
UCEC,UCEC,UCEC
BLCA,BLCA,BLCA
LGG,GBM,GBM
SARC,SARC,SARC
PRAD,PRAD,PRAD
LGG,LGG,LGG
PRAD,PRAD,PRAD
PRAD,PRAD,PRAD
KIRP,KIRP,KIRP
LUSC,LUSC,LUSC
OV,OV,OV
TGCT,TGCT,TGCT
UCEC,UCEC,UCEC
UCEC,UCEC,UCEC
BRCA,BRCA,BRCA
SKCM,SKCM,SKCM
COAD,COAD,COAD
STAD,STAD,STAD
GBM,GBM,GBM
LUSC,LUSC,LUSC
KICH,KICH,KICH
THCA,THCA,THCA
THCA,THCA,THCA
PAAD,PAAD,PAAD
LUSC,LUSC,LUSC
BRCA,BRCA,BRCA
LUAD,LUAD,LUAD
PCPG,PCPG,PCPG
BRCA,BRCA,BRCA
THCA,THCA,THCA
BLCA,BLCA,BLCA
HNSC,HNSC,HNSC
BLCA,BLCA,BLCA
KIRC,KIRC,KIRC
LUAD,LUAD,LUAD
THCA,THCA,THCA
PRAD,PRAD,PRAD
OV,OV,OV
SARC,SARC,SARC
KIRC,KIRC,KIRC
BRCA,BRCA,BRCA
BRCA,BRCA,BRCA
LUAD,LUSC,LUSC
LGG,LGG,LGG
GBM,GBM,GBM
GBM,GBM,GBM
BRCA,BRCA,BRCA
PRAD,PRAD,PRAD
THCA,THCA,THCA
KIRP,KIRP,KICH
UCEC,UCEC,UCEC
BRCA,BRCA,BRCA
READ,READ,READ
HNSC,HNSC,HNSC
SARC,SARC,SARC
LGG,LGG,LGG
LUAD,LUAD,LUAD
BLCA,LGG,LGG
LUAD,LUAD,LUAD
LUAD,LUSC,LUSC
UCEC,UCEC,UCEC
STAD,STAD,STAD
SARC,SARC,SARC
BRCA,BRCA,BRCA
COAD,COAD,COAD
CESC,CESC,CESC
STAD,STAD,STAD
PRAD,PRAD,PRAD
STAD,STAD,STAD
GBM,GBM,GBM
SARC,SARC,SARC
LUSC,LUSC,LUSC
LIHC,LIHC,LIHC
GBM,GBM,GBM
LIHC,LIHC,LIHC
BRCA,BRCA,BRCA
LGG,LGG,LGG
CESC,CESC,CESC
KICH,KICH,KICH
BRCA,BRCA,BRCA
TGCT,TGCT,TGCT
OV,OV,OV
KICH,KICH,KICH
OV,OV,OV
SKCM,SKCM,SKCM
COAD,COAD,COAD
READ,READ,READ
KIRP,KIRP,KIRP
KIRC,KIRC,KIRC
BRCA,BRCA,BRCA
GBM,GBM,GBM
ESCA,ESCA,ESCA
SARC,SARC,SARC
GBM,GBM,GBM
BRCA,BRCA,BRCA
LGG,LGG,LGG
LUAD,LUAD,LUAD
STAD,STAD,STAD
UCS,UCS,UCS
CHOL,LIHC,CHOL
COAD,COAD,COAD
STAD,STAD,STAD
GBM,GBM,GBM
STAD,STAD,STAD
LIHC,LIHC,LIHC
LIHC,LIHC,LIHC
CESC,CESC,CESC
CESC,CESC,CESC
STAD,STAD,STAD
UCEC,UCEC,UCEC
KIRC,KIRC,KIRC
UVM,UVM,UVM
BRCA,BRCA,BRCA
UCS,UCEC,UCEC
KIRP,KIRP,KIRP
SARC,SARC,SARC
GBM,GBM,GBM
BRCA,BRCA,BRCA
UVM,UVM,UVM
HNSC,HNSC,HNSC
STAD,STAD,STAD
KIRC,KIRC,KIRC
TGCT,TGCT,TGCT
SKCM,SKCM,SKCM
UCEC,UCEC,UCEC
OV,OV,OV
HNSC,HNSC,HNSC
STAD,STAD,STAD
UCEC,UCEC,UCEC
LUSC,LUSC,LUSC
HNSC,HNSC,HNSC
SKCM,SKCM,SKCM
KIRC,KIRC,KIRC
PAAD,PAAD,PAAD
GBM,GBM,GBM
PAAD,PAAD,PAAD
PRAD,PRAD,PRAD
BRCA,BRCA,BRCA
BRCA,BRCA,BRCA
GBM,GBM,GBM
BRCA,BRCA,BRCA
KIRC,KIRC,KIRC
THCA,THCA,THCA
HNSC,HNSC,HNSC
LGG,LGG,LGG
GBM,GBM,GBM
DLBC,DLBC,DLBC
CHOL,LIHC,LIHC
UCEC,UCEC,UCS
UCEC,UCEC,UCEC
LUAD,LUAD,LUAD
LUAD,LUAD,LUAD
KIRC,KIRC,KIRC
LGG,LGG,LGG
LIHC,LIHC,LIHC
THCA,THCA,THCA
COAD,COAD,COAD
SARC,SARC,SARC
OV,OV,OV
COAD,COAD,COAD
STAD,STAD,STAD
LUAD,LUAD,LUAD
LUAD,LUAD,LUAD
PRAD,PRAD,PRAD
KIRP,KIRP,KIRP
SARC,SARC,KICH
COAD,COAD,COAD
PCPG,PCPG,PCPG
UCS,UCEC,UCS
READ,COAD,COAD
ESCA,STAD,STAD
BLCA,BLCA,BLCA
GBM,GBM,GBM
PCPG,PCPG,PCPG
BRCA,BRCA,BRCA
PRAD,PRAD,PRAD
ESCA,ESCA,ESCA
KIRC,KIRC,KIRC
PRAD,PRAD,PRAD
BLCA,BLCA,BLCA
THCA,THCA,THCA
BRCA,BRCA,BRCA
UCS,UCEC,UCS
KIRP,KIRP,KIRP
UVM,UVM,UVM
LUAD,LUAD,LUAD
LIHC,LIHC,LIHC
PRAD,PRAD,PRAD
SKCM,SKCM,SKCM
KIRP,KIRP,KIRP
OV,OV,OV
OV,OV,OV
SARC,SARC,SARC
GBM,GBM,GBM
GBM,GBM,GBM
OV,OV,OV
CESC,CESC,CESC
MESO,MESO,MESO
LUAD,LUAD,LUAD
PAAD,PAAD,PAAD
READ,READ,READ
STAD,STAD,STAD
BRCA,BRCA,BRCA
BRCA,BRCA,BRCA
THCA,THCA,THCA
LGG,LGG,LGG
LIHC,LIHC,LIHC
SARC,SARC,SARC
LIHC,LIHC,LIHC
OV,OV,OV
MESO,MESO,MESO
CESC,CESC,CESC
HNSC,HNSC,HNSC
COAD,COAD,COAD
LIHC,LIHC,LIHC
LIHC,LIHC,LIHC
STAD,STAD,STAD
PCPG,PCPG,PCPG
GBM,GBM,GBM
PAAD,PAAD,PAAD
PAAD,PAAD,PAAD
LUSC,LUSC,LUSC
UCEC,UCEC,UCEC
THCA,THCA,THCA
KIRC,KIRC,KIRC
COAD,COAD,COAD
COAD,COAD,COAD
LGG,LGG,LGG
PCPG,PCPG,PCPG
COAD,COAD,COAD
UCEC,UCEC,UCEC
THYM,THYM,THYM
GBM,GBM,GBM
KIRC,KIRC,KIRP
LUSC,OV,OV
KIRC,KIRC,KIRC
KIRC,KIRC,KIRC
CESC,CESC,CESC
READ,READ,READ
BLCA,BLCA,BLCA
PRAD,PRAD,PRAD
BRCA,BRCA,BRCA
CESC,CESC,CESC
HNSC,HNSC,HNSC
UCEC,UCEC,UCS
HNSC,HNSC,HNSC
SKCM,SKCM,SKCM
BRCA,BRCA,BRCA
LUAD,LUAD,LUAD
MESO,MESO,MESO
OV,OV,OV
HNSC,HNSC,HNSC
COAD,COAD,COAD
KIRC,KIRC,KIRC
KIRC,KIRC,KIRC
TGCT,TGCT,TGCT
HNSC,HNSC,HNSC
THCA,THCA,THCA
LUSC,LUSC,LUSC
COAD,COAD,COAD
TGCT,TGCT,TGCT
SARC,SARC,SARC
COAD,COAD,COAD
LUSC,LUSC,LUSC
MESO,MESO,MESO
LGG,LGG,LGG
BLCA,BLCA,BLCA
BLCA,BLCA,BLCA
CESC,CESC,CESC
HNSC,HNSC,HNSC
UCEC,UCEC,UCEC
BLCA,BLCA,BLCA
LIHC,LIHC,LIHC
LUAD,LUAD,LUAD
BLCA,BLCA,BLCA
LUAD,LUAD,LUAD
CESC,CESC,CESC
LUSC,LUSC,LUSC
LUSC,LUSC,LUSC
LUAD,LUAD,LUAD
ACC,ACC,ACC
BRCA,BRCA,BRCA
OV,OV,OV
BRCA,BRCA,BRCA
GBM,GBM,GBM
BLCA,BLCA,BLCA
HNSC,HNSC,HNSC
KIRP,KIRP,KIRP
LIHC,LIHC,LIHC
THCA,THCA,THCA
MESO,MESO,MESO
CESC,CESC,CESC
HNSC,HNSC,HNSC
LUAD,LUAD,LUAD
BRCA,BRCA,BRCA
LIHC,LIHC,LIHC
THCA,THCA,THCA
UCEC,UCEC,UCEC
UCEC,UCEC,UCEC
THCA,THCA,THCA
THCA,THCA,THCA
KIRC,KIRC,KIRC
UCEC,UCEC,UCEC
KIRC,KIRC,KIRC
UCEC,UCEC,UCEC
READ,READ,READ
UCEC,UCEC,UCEC
BRCA,BRCA,BRCA
GBM,GBM,GBM
LIHC,LIHC,LIHC
KIRC,KIRC,KIRC
LUSC,LUAD,LUAD
KIRC,KIRC,KIRC
LGG,LGG,LGG
BRCA,BRCA,BRCA
GBM,GBM,GBM
OV,OV,OV
KIRC,KIRC,KIRP
COAD,COAD,COAD
UCEC,UCEC,UCEC
THCA,THCA,THCA
TGCT,TGCT,TGCT
BLCA,BLCA,BLCA
KIRP,KIRP,KIRP
HNSC,HNSC,HNSC
LGG,LGG,LGG
LGG,LGG,LGG
OV,OV,OV
LUAD,LUAD,LUAD
OV,OV,OV
BLCA,BLCA,BLCA
OV,OV,OV
BLCA,BLCA,BLCA
TGCT,TGCT,TGCT
PRAD,PRAD,PRAD
HNSC,HNSC,HNSC
CESC,CESC,CESC
COAD,COAD,COAD
BRCA,BRCA,BRCA
PRAD,PRAD,PRAD
LIHC,LIHC,LIHC
LUAD,LUAD,LUAD
COAD,COAD,READ
OV,OV,OV
KIRC,KIRC,KIRC
THCA,THCA,THCA
LGG,GBM,GBM
KIRP,KIRP,KIRP
UCEC,UCEC,UCEC
ESCA,ESCA,ESCA
HNSC,HNSC,HNSC
SARC,SARC,SARC
KIRC,KIRC,KIRC
LUSC,LUAD,LUAD
LUAD,LUAD,LUAD
HNSC,HNSC,HNSC
TGCT,TGCT,TGCT
UCEC,UCEC,UCEC
LUSC,LUSC,LUSC
UCEC,UCEC,UCEC
LUAD,LUAD,LUAD
THYM,THYM,THYM
COAD,READ,READ
THCA,THCA,THCA
THCA,THCA,THCA
BLCA,BLCA,BLCA
LUAD,LUAD,LUAD
LGG,LGG,LGG
BLCA,BLCA,BLCA
KIRC,KIRC,KIRC
KIRC,KIRC,KIRC
PCPG,PCPG,PCPG
BRCA,BRCA,BRCA
KIRP,KIRP,KIRP
COAD,COAD,COAD
CHOL,LIHC,LIHC
HNSC,HNSC,HNSC
BRCA,BRCA,BRCA
THCA,THCA,THCA
READ,COAD,COAD
LGG,LGG,LGG
GBM,GBM,GBM
LUSC,LUSC,LUSC
COAD,COAD,COAD
THCA,THCA,THCA
UCEC,UCEC,UCEC
LUAD,LUAD,LUAD
STAD,STAD,STAD
CESC,CESC,CESC
HNSC,HNSC,HNSC
LIHC,LIHC,LIHC
MESO,MESO,MESO
KIRC,KIRC,KIRC
STAD,STAD,STAD
BRCA,BRCA,BRCA
PRAD,PRAD,PRAD
UCEC,UCEC,UCEC
COAD,COAD,COAD
LUAD,LUAD,LUAD
LIHC,LIHC,LIHC
OV,OV,OV
READ,READ,READ
LGG,LGG,GBM
READ,READ,COAD
UCEC,UCEC,UCEC
ESCA,ESCA,ESCA
THCA,THCA,THCA
DLBC,DLBC,DLBC
BRCA,BRCA,BRCA
GBM,GBM,GBM
GBM,GBM,GBM
KIRC,KIRC,KIRC
BRCA,BRCA,BRCA
PAAD,PAAD,PAAD
THCA,THCA,THCA
KIRP,KIRP,KIRP
PCPG,PCPG,PCPG
PRAD,PRAD,PRAD
UCEC,UCEC,UCEC
HNSC,HNSC,HNSC
KIRP,KIRP,KIRP
PCPG,PCPG,PCPG
BRCA,BRCA,BRCA
KIRC,KIRC,KIRC
LIHC,LIHC,LIHC
LUAD,LUAD,LUAD
LGG,LGG,LGG
LUAD,LUAD,LUAD
CESC,CESC,CESC
LUSC,LUSC,LUSC
KICH,KICH,KICH
THCA,THCA,THCA
STAD,STAD,STAD
LUSC,LUSC,LUSC
SARC,SARC,SARC
BRCA,BRCA,BRCA
OV,OV,OV
SARC,SARC,SARC
BLCA,BLCA,BLCA
ESCA,ESCA,ESCA
KIRC,KIRC,KIRC
KIRC,KIRC,KIRC
GBM,GBM,GBM
STAD,STAD,STAD
KIRP,KIRP,KIRP
UCS,UCEC,UCS
UCS,UCS,UCS
READ,READ,READ
SARC,SARC,SARC
PRAD,PRAD,PRAD
KIRC,KIRC,KIRC
LGG,LGG,LGG
CESC,CESC,CESC
THCA,THCA,THCA
UCEC,UCEC,UCEC
COAD,COAD,COAD
UCEC,UCEC,UCEC
THCA,THCA,THCA
LGG,LGG,LGG
LGG,LGG,LGG
SKCM,SKCM,SKCM
LUAD,LUAD,LUAD
UCEC,UCS,UCS
STAD,STAD,STAD
OV,OV,OV
STAD,STAD,STAD
LUSC,LUSC,LUSC
STAD,STAD,STAD
BRCA,BRCA,BRCA
KIRC,KIRC,KIRC
LGG,LGG,LGG
BRCA,BRCA,BRCA
BRCA,BRCA,BRCA
LUAD,LUAD,LUAD
HNSC,HNSC,HNSC
THCA,THCA,THCA
HNSC,HNSC,HNSC
LIHC,LIHC,LIHC
LUSC,LUAD,LUAD
THCA,THCA,THCA
THYM,THYM,THYM
READ,READ,READ
HNSC,HNSC,HNSC
LGG,LGG,LGG
BRCA,BRCA,BRCA
GBM,GBM,GBM
LGG,LGG,LGG
MESO,MESO,MESO
KIRC,KIRC,KIRC
BLCA,BLCA,BLCA
THYM,THYM,THYM
THCA,THCA,THCA
LUSC,LUSC,LUSC
UCS,UCS,UCS
PRAD,PRAD,PRAD
KICH,KICH,KICH
KIRP,KIRP,KIRP
UCEC,UCEC,OV
BRCA,BRCA,BRCA
BLCA,BLCA,BLCA
READ,READ,READ
LUAD,LUAD,LUAD
BRCA,BRCA,BRCA
THYM,THYM,THYM
UCEC,UCEC,UCEC
UCS,UCS,UCS
THCA,THCA,THCA
THYM,THYM,THYM
HNSC,HNSC,HNSC
THYM,THYM,THYM
BLCA,BLCA,BLCA
BRCA,BRCA,BRCA
CESC,CESC,CESC
PCPG,PCPG,PCPG
STAD,ESCA,ESCA
BLCA,BLCA,BLCA
THCA,THCA,THCA
STAD,STAD,STAD
READ,READ,READ
SARC,SARC,SARC
BRCA,BRCA,BRCA
STAD,ESCA,ESCA
THCA,THCA,THCA
COAD,COAD,COAD
ACC,ACC,ACC
HNSC,HNSC,HNSC
STAD,STAD,STAD
LGG,LGG,LGG
LUAD,LUSC,LUSC
STAD,STAD,STAD
LUSC,LUSC,LUSC
CESC,CESC,CESC
STAD,ESCA,ESCA
LUSC,LUSC,LUSC
ESCA,ESCA,ESCA
ESCA,ESCA,ESCA
SARC,SARC,SARC
BRCA,BRCA,BRCA
UCS,UCEC,UCEC
KICH,KICH,KICH
LGG,LGG,LGG
UCEC,UCEC,UCEC
BRCA,BRCA,BRCA
OV,OV,OV
LUAD,LUAD,LUAD
BRCA,BRCA,BRCA
LUSC,LUSC,LUSC
PCPG,PCPG,PCPG
LGG,LGG,LGG
BRCA,BRCA,BRCA
LUAD,LUAD,LUAD
HNSC,HNSC,HNSC
TGCT,TGCT,TGCT
BRCA,BRCA,BRCA
PRAD,PRAD,PRAD
LUSC,LUSC,LUAD
PRAD,PRAD,PRAD
THCA,THCA,THCA
LUAD,LUAD,LUAD
PCPG,PCPG,PCPG
THCA,THCA,THCA
LUSC,LUSC,LUSC
BRCA,BRCA,BRCA
LUSC,LUSC,LUSC
COAD,COAD,COAD
DLBC,DLBC,DLBC
STAD,STAD,STAD
PCPG,PCPG,PCPG
KIRC,KIRC,KIRC
THCA,THCA,THCA
THCA,THCA,THCA
LUSC,LUSC,LUSC
LGG,LGG,LGG
OV,OV,OV
HNSC,HNSC,HNSC
KIRC,KIRC,KIRC
THCA,THCA,THCA
ESCA,ESCA,ESCA
UCEC,CESC,UCEC
COAD,COAD,COAD
HNSC,HNSC,HNSC
PCPG,PCPG,PCPG
HNSC,HNSC,HNSC
BLCA,BLCA,BLCA
OV,OV,OV
COAD,COAD,COAD
KIRP,KIRP,KIRP
LGG,LGG,LGG
THCA,THCA,THCA
LUAD,LUAD,LUAD
PRAD,PRAD,PRAD
KIRC,KIRC,KIRC
OV,OV,OV
ESCA,ESCA,ESCA
LUAD,LUAD,LUAD
COAD,COAD,COAD
BRCA,BRCA,BRCA
PAAD,PAAD,PAAD
CESC,CESC,CESC
CESC,CESC,CESC
BRCA,BRCA,BRCA
LIHC,LIHC,LIHC
LGG,LGG,LGG
CESC,CESC,CESC
PRAD,PRAD,PRAD
GBM,GBM,GBM
COAD,COAD,COAD
THCA,THCA,THCA
THYM,THYM,THYM
LGG,LGG,LGG
COAD,COAD,COAD
LIHC,LIHC,LIHC
THCA,THCA,THCA
ACC,ACC,ACC
PRAD,PRAD,PRAD
LUSC,LUSC,LUSC
BLCA,BLCA,BLCA
LGG,LGG,LGG
BRCA,BRCA,BRCA
LUAD,LUAD,LUAD
UVM,UVM,UVM
PRAD,PRAD,PRAD
OV,OV,OV
THCA,THCA,THCA
UCEC,UCEC,UCEC
PRAD,PRAD,PRAD
GBM,GBM,GBM
BLCA,BLCA,BLCA
BLCA,BLCA,BLCA
BRCA,BRCA,BRCA
LGG,LGG,LGG
COAD,READ,READ
PRAD,PRAD,PRAD
KIRC,KIRC,KIRC
LIHC,LIHC,LIHC
LGG,LGG,LGG
KIRC,KIRC,KIRC
ESCA,ESCA,ESCA
UCEC,UCEC,UCEC
KIRP,KIRP,KIRP
BLCA,BLCA,BLCA
BRCA,BRCA,BRCA
DLBC,STAD,STAD
BLCA,BLCA,BLCA
THCA,THCA,THCA
OV,OV,OV
COAD,COAD,COAD
OV,OV,OV
LIHC,LIHC,LIHC
BRCA,BRCA,BRCA
LUSC,LUSC,LUSC
STAD,STAD,STAD
LIHC,LIHC,LIHC
BRCA,BRCA,BRCA
UCEC,UCEC,UCEC
BRCA,BRCA,BRCA
BRCA,BRCA,BRCA
PAAD,PAAD,PAAD
LUAD,LUAD,LUAD
THYM,THYM,THYM
COAD,COAD,COAD
BRCA,BRCA,BRCA
KIRP,KIRP,KIRP
BRCA,BRCA,BRCA
GBM,GBM,GBM
KIRC,KIRC,KIRC
COAD,COAD,COAD
CHOL,CHOL,CHOL
BRCA,BRCA,BRCA
LIHC,LIHC,LIHC
BLCA,BLCA,BLCA
LUAD,COAD,LUAD
COAD,COAD,COAD
LGG,LGG,LGG
LUSC,LUSC,LUSC
LUSC,LUSC,LUSC
ESCA,ESCA,ESCA
KIRC,KIRC,KIRC
LUSC,LUSC,LUSC
STAD,STAD,STAD
PRAD,PRAD,PRAD
LUAD,LUAD,LUAD
PRAD,PRAD,PRAD
OV,OV,OV
LUAD,LUAD,LUAD
BRCA,BRCA,BRCA
BLCA,BLCA,BLCA
PAAD,PAAD,PAAD
BRCA,BRCA,BRCA
OV,OV,OV
PCPG,PCPG,PCPG
THCA,THCA,THCA
OV,OV,OV
KIRC,KIRC,KIRP
KICH,KICH,KICH
SARC,SARC,SARC
BRCA,BRCA,BRCA
LUSC,LUSC,LUSC
THCA,THCA,THCA
ESCA,STAD,STAD
OV,OV,OV
PCPG,PCPG,PCPG
BLCA,BLCA,BLCA
BRCA,BRCA,BRCA
LIHC,LIHC,LIHC
KIRC,KIRC,KIRC
BLCA,BLCA,BLCA
LUSC,LUSC,LUSC
CESC,CESC,CESC
BRCA,BRCA,BRCA
THCA,THCA,THCA
BRCA,BRCA,BRCA
COAD,COAD,COAD
KICH,KICH,KICH
LUSC,LUSC,LUSC
BLCA,BLCA,BLCA
HNSC,HNSC,HNSC
BRCA,BRCA,BRCA
PCPG,PCPG,PCPG
UCEC,UCEC,UCEC
GBM,GBM,GBM
BRCA,BRCA,BRCA
HNSC,HNSC,HNSC
KIRC,KIRC,KIRC
BRCA,BRCA,BRCA
LIHC,LIHC,LIHC
STAD,STAD,STAD
LUAD,LUAD,LUAD
GBM,GBM,GBM
HNSC,HNSC,HNSC
PCPG,PCPG,PCPG
UCEC,UCEC,UCEC
OV,OV,OV
LUSC,LUSC,LUSC
HNSC,HNSC,HNSC
PRAD,PRAD,PRAD
CESC,CESC,CESC
LUSC,LUAD,LUAD
BRCA,BRCA,BRCA
KIRP,KIRC,KICH
GBM,GBM,GBM
GBM,GBM,GBM
LUSC,LUSC,LUSC
BLCA,BLCA,BLCA
BLCA,BLCA,BLCA
CESC,CESC,CESC
KIRC,KIRC,KIRC
STAD,STAD,STAD
UCEC,UCEC,UCEC
KIRP,KIRP,KIRP
LUAD,LUAD,LUAD
OV,OV,OV
BRCA,BRCA,BRCA
OV,OV,OV
KIRP,KIRP,KIRP
STAD,STAD,STAD
BRCA,BRCA,BRCA
KIRC,KIRC,KIRC
UCS,UCEC,UCEC
LGG,LGG,LGG
KIRC,KIRC,KIRC
ACC,ACC,ACC
STAD,STAD,STAD
UCEC,UCEC,UCEC
THCA,THCA,THCA
COAD,COAD,COAD
PRAD,PRAD,PRAD
BLCA,BLCA,BLCA
UCEC,UCEC,UCEC
UCEC,UCEC,UCEC
KIRP,KIRP,KIRP
KICH,KICH,KICH
CESC,CESC,CESC
BRCA,BRCA,BRCA
LUSC,LUSC,LUSC
UCEC,UCEC,UCEC
THCA,THCA,THCA
COAD,COAD,COAD
GBM,GBM,GBM
SARC,SARC,SARC
READ,READ,READ
COAD,COAD,COAD
LIHC,LIHC,LIHC
COAD,COAD,COAD
GBM,GBM,GBM
STAD,STAD,STAD
BLCA,BLCA,BLCA
HNSC,HNSC,HNSC
STAD,STAD,STAD
LIHC,LIHC,LIHC
KIRP,KIRP,KIRP
KIRC,KIRC,KIRC
KIRP,KIRP,KIRP
LGG,LGG,LGG
LUAD,LUAD,LUAD
COAD,COAD,COAD
LUAD,LUAD,LUAD
LGG,LGG,LGG
LUSC,LUSC,LUSC
MESO,MESO,MESO
BRCA,BRCA,BRCA
BRCA,BRCA,BRCA
LGG,LGG,LGG
KIRC,KIRC,KIRC
HNSC,HNSC,HNSC
KIRP,KIRP,KIRP
LGG,LGG,LGG
SARC,SARC,SARC
UCS,UCS,UCS
HNSC,HNSC,HNSC
KICH,KICH,KICH
UVM,UVM,UVM
GBM,LGG,LGG
CHOL,CHOL,CHOL
HNSC,HNSC,HNSC
LUAD,LUAD,LUAD
SARC,SARC,SARC
LIHC,LIHC,LIHC
THCA,THCA,THCA
GBM,GBM,GBM
BRCA,BRCA,BRCA
GBM,GBM,GBM
PRAD,PRAD,PRAD
PRAD,PRAD,PRAD
ACC,ACC,ACC
STAD,STAD,STAD
SARC,SARC,SARC
LUSC,LUSC,LUSC
UCEC,UCEC,UCEC
UCS,UCS,UCS
PRAD,PRAD,PRAD
LGG,LGG,LGG
BRCA,BRCA,BRCA
LIHC,LIHC,LIHC
LUSC,LUSC,LUSC
THCA,THCA,THCA
UCEC,UCEC,UCEC
THCA,THCA,THCA
READ,READ,READ
LIHC,LIHC,LIHC
BRCA,BRCA,BRCA
THCA,THCA,THCA
UCEC,UCEC,UCEC
READ,READ,READ
HNSC,HNSC,HNSC
KIRC,KIRC,KIRC
KIRC,KIRC,KIRC
READ,READ,READ
BRCA,BRCA,BRCA
HNSC,HNSC,HNSC
GBM,GBM,GBM
UCEC,UCEC,UCEC
BRCA,BRCA,BRCA
SKCM,SKCM,SKCM
SARC,SARC,OV
GBM,GBM,GBM
GBM,GBM,GBM
SKCM,SKCM,SKCM
LUSC,LUSC,LUSC
HNSC,HNSC,HNSC
KIRC,KIRC,KIRC
PAAD,PAAD,PAAD
LGG,LGG,LGG
UCEC,UCEC,UCEC
HNSC,HNSC,HNSC
MESO,MESO,MESO
LIHC,LIHC,LIHC
HNSC,HNSC,HNSC
GBM,GBM,GBM
HNSC,HNSC,HNSC
BRCA,BRCA,BRCA
LUSC,LUAD,LUAD
CESC,CESC,CESC
COAD,COAD,COAD
BRCA,BRCA,BRCA
KIRC,KIRC,KIRC
COAD,COAD,COAD
GBM,GBM,GBM
TGCT,TGCT,TGCT
BRCA,BRCA,BRCA
UCEC,UCEC,UCEC
COAD,COAD,COAD
COAD,COAD,COAD
LUSC,LUSC,LUSC
LUAD,LUAD,LUAD
HNSC,HNSC,HNSC
HNSC,HNSC,HNSC
KIRC,KIRC,KIRC
PAAD,PAAD,PAAD
PCPG,PCPG,PCPG
PRAD,PRAD,PRAD
UCEC,UCEC,UCEC
TGCT,TGCT,TGCT
COAD,COAD,COAD
LIHC,LIHC,LIHC
BRCA,BRCA,BRCA
UCEC,UCEC,UCEC
SARC,SARC,OV
THCA,THCA,THCA
HNSC,HNSC,HNSC
LGG,LGG,LGG
STAD,STAD,STAD
LUAD,LUAD,LUAD
BRCA,BRCA,BRCA
READ,READ,READ
HNSC,HNSC,HNSC
KICH,KICH,KICH
LGG,LGG,LGG
GBM,GBM,GBM
BRCA,BRCA,BRCA
SARC,SARC,SARC
PRAD,PRAD,PRAD
READ,READ,READ
GBM,GBM,GBM
LUSC,LUSC,LUSC
PAAD,PAAD,PAAD
UCEC,UCEC,UCEC
PRAD,PRAD,PRAD
TGCT,TGCT,TGCT
ACC,ACC,ACC
GBM,GBM,GBM
KIRC,KIRC,KIRC
UVM,UVM,UVM
BLCA,BLCA,BLCA
LGG,LGG,LGG
BLCA,BLCA,BLCA
ESCA,ESCA,ESCA
STAD,STAD,STAD
THCA,THCA,THCA
OV,OV,OV
LUAD,LUAD,LUAD
KIRC,KIRC,KIRC
PRAD,PRAD,PRAD
PRAD,PRAD,PRAD
STAD,STAD,STAD
BRCA,BRCA,BRCA
LGG,LGG,LGG
CESC,CESC,CESC
KICH,KICH,KICH
BRCA,BRCA,BRCA
PAAD,PAAD,PAAD
PRAD,PRAD,PRAD
BLCA,BLCA,BLCA
BRCA,BRCA,BRCA
KIRC,KIRC,KIRC
BRCA,BRCA,BRCA
COAD,COAD,COAD
STAD,STAD,STAD
UVM,UVM,UVM
UVM,UVM,UVM
KIRC,KIRC,KIRC
STAD,STAD,STAD
CESC,CESC,CESC
LUSC,LUSC,LUSC
OV,OV,OV
BRCA,BRCA,BRCA
BRCA,BRCA,BRCA
KICH,KICH,KICH
BLCA,BLCA,BLCA
LIHC,LIHC,LIHC
KIRP,KIRP,KIRP
LUSC,LUSC,LUSC
BRCA,BRCA,BRCA
LUAD,LUAD,LUAD
LUSC,LUSC,LUSC
KIRC,KIRC,KIRC
UCEC,UCEC,UCEC
BLCA,BLCA,BLCA
READ,COAD,COAD
THCA,THCA,THCA
HNSC,HNSC,HNSC
BRCA,BRCA,BRCA
THCA,THCA,THCA
HNSC,HNSC,HNSC
OV,OV,OV
STAD,STAD,STAD
THCA,THCA,THCA
LGG,LGG,LGG
LUAD,LUAD,LUAD
COAD,COAD,COAD
CHOL,CHOL,CHOL
COAD,COAD,COAD
STAD,STAD,STAD
THCA,THCA,THCA
KIRP,KIRP,KIRP
LUAD,LUAD,LUAD
PRAD,PRAD,PRAD
SKCM,SKCM,SKCM
SARC,SARC,UCS
OV,OV,OV
UCEC,UCEC,UCS
UCEC,UCEC,UCEC
PRAD,PRAD,PRAD
GBM,GBM,GBM
ESCA,ESCA,ESCA
COAD,COAD,COAD
PCPG,PCPG,PCPG
MESO,MESO,MESO
KIRC,KIRC,KICH
GBM,GBM,GBM
KIRC,KIRC,KIRC
GBM,GBM,GBM
PCPG,PCPG,PCPG
HNSC,HNSC,HNSC
LUSC,LUSC,LUSC
KIRC,KIRC,KIRC
MESO,MESO,MESO
THCA,THCA,THCA
UCEC,UCEC,UCEC
COAD,COAD,COAD
LUAD,LUAD,LUAD
STAD,STAD,STAD
ESCA,ESCA,ESCA
LUSC,LUSC,LUSC
UCEC,UCEC,UCEC
OV,OV,OV
SARC,SARC,SARC
LUAD,LUAD,LUAD
STAD,STAD,STAD
LIHC,LIHC,LIHC
COAD,COAD,COAD
MESO,MESO,MESO
LUSC,LUSC,LUSC
UCEC,UCEC,UCEC
TGCT,TGCT,TGCT
LGG,LGG,LGG
MESO,MESO,MESO
LUSC,LUSC,LUSC
PCPG,PCPG,PCPG
UCEC,UCEC,UCEC
THCA,THCA,THCA
COAD,COAD,COAD
BRCA,BRCA,BRCA
STAD,STAD,STAD
HNSC,HNSC,HNSC
LUSC,LUSC,LUSC
BRCA,BRCA,BRCA
PAAD,PAAD,PAAD
LGG,LGG,LGG
OV,OV,OV
HNSC,HNSC,HNSC
LUAD,LUAD,LUAD
CESC,CESC,CESC
LGG,LGG,LGG
THCA,THCA,THCA
CESC,CESC,CESC
COAD,COAD,COAD
UCEC,UCEC,UCEC
OV,OV,OV
COAD,COAD,COAD
GBM,GBM,GBM
UCEC,UCEC,UCEC
OV,OV,OV
LUAD,LUAD,LUAD
KIRC,KIRC,KIRC
LUSC,LUSC,LUSC
PRAD,PRAD,PRAD
HNSC,HNSC,HNSC
OV,OV,OV
BRCA,BRCA,BRCA
ESCA,ESCA,ESCA
SARC,SARC,SARC
SARC,SARC,KICH
LUAD,LUAD,LUAD
UVM,UVM,UVM
THCA,THCA,THCA
LGG,LGG,LGG
CESC,CESC,CESC
LUAD,LUAD,LUAD
OV,OV,OV
BRCA,BRCA,BRCA
LUAD,LUAD,LUAD
GBM,GBM,GBM
STAD,STAD,STAD
KIRC,KIRC,KIRC
HNSC,HNSC,HNSC
LUAD,LUAD,LUAD
PRAD,PRAD,PRAD
ESCA,ESCA,ESCA
THCA,THCA,THCA
LIHC,LIHC,LIHC
KIRC,KIRC,KIRC
UCEC,UCEC,UCEC
KIRP,KIRP,KIRP
LIHC,LIHC,LIHC
LUSC,LUSC,LUSC
LUAD,LUAD,LUAD
LGG,LGG,GBM
LGG,LGG,LGG
HNSC,HNSC,HNSC
BRCA,BRCA,BRCA
PRAD,BLCA,BLCA
LGG,LGG,LGG
LUSC,LUSC,LUSC
MESO,MESO,MESO
LUSC,LUSC,LUSC
KIRC,KIRC,KIRC
BRCA,BRCA,BRCA
BRCA,BRCA,BRCA
LUSC,LUAD,LUAD
HNSC,HNSC,HNSC
THYM,THYM,THYM
KIRP,KIRP,KIRP
KIRC,KIRC,KIRC
MESO,MESO,MESO
SARC,SARC,SARC
GBM,GBM,GBM
HNSC,HNSC,HNSC
COAD,COAD,COAD
LIHC,LIHC,LIHC
HNSC,HNSC,HNSC
THCA,THCA,THCA
STAD,STAD,STAD
ESCA,ESCA,ESCA
COAD,COAD,COAD
SARC,SARC,SARC
BRCA,BRCA,BRCA
GBM,GBM,GBM
HNSC,HNSC,HNSC
COAD,COAD,COAD
LUAD,LUAD,LUAD
STAD,STAD,STAD
READ,READ,READ
BLCA,BLCA,BLCA
OV,OV,OV
LUSC,LUSC,LUSC
BLCA,BLCA,BLCA
PRAD,PRAD,PRAD
KIRC,KIRC,KIRC
THCA,THCA,THCA
KIRC,KIRC,KIRC
KICH,KICH,KICH
PCPG,PCPG,PCPG
UCEC,UCEC,UCEC
COAD,COAD,COAD
KIRP,KIRP,KIRP
COAD,COAD,COAD
READ,READ,READ
BLCA,BLCA,BLCA
SARC,SARC,SARC
LUAD,LUAD,LUAD
SARC,SARC,SARC
LUAD,LUAD,LUAD
THCA,THCA,THCA
HNSC,HNSC,HNSC
LIHC,LIHC,LIHC
BRCA,BRCA,BRCA
LUAD,LUAD,LUAD
CESC,CESC,CESC
THYM,THYM,THYM
PAAD,PAAD,PAAD
COAD,COAD,COAD
GBM,GBM,GBM
PRAD,PRAD,PRAD
KIRC,KIRC,KIRC
BRCA,BRCA,BRCA
GBM,LGG,LGG
CESC,CESC,CESC
LGG,LGG,LGG
UCEC,UCEC,UCS
KIRP,KIRP,KIRP
UCEC,UCEC,UCEC
SARC,SARC,SARC
LUAD,LUAD,LUAD
HNSC,HNSC,HNSC
BRCA,BRCA,BRCA
